Ticker,Company Name,Current Price,Low PT,Avg PT,High PT,# Analyst,LowPT/Curr%,AvgPT/Curr%,HighPT/Curr%,Rating
AAPL,Apple,115.5,66.6,120.15,150,35,-42.30%,4.00%,29.90%,10
MSFT,Microsoft,208.7,195,230.14,260,29,-6.60%,10.30%,24.60%,8
AMZN,Amazon,3156,3300,3725,4200,37,4.60%,18.00%,33.10%,10
FB,Facebook,272.4,195,294.31,335,36,-28.40%,8.00%,23.00%,10
GOOGL,"Alphabet Class A
",1535,1500,1776,1990,33,-2.30%,15.70%,29.60%,7
JNJ,"Johnson & Johnson
",148.8,158,166.86,175,7,6.20%,12.10%,17.60%,5
V,Visa,205.3,203,222.37,250,19,-1.10%,8.30%,21.80%,8
JPM,"JPMorgan Chase & Co.
",99.28,80,110.58,122,15,-19.40%,11.40%,22.90%,2
TSLA,Tesla,449.7,19,299.27,566,30,-95.80%,-33.50%,25.90%,4
NVDA,Nvidia,519.6,260,557.17,700,29,-50.00%,7.20%,34.70%,10
HD,Home Depot,285.5,276,309.9,332,21,-3.30%,8.50%,16.30%,10
MA,Mastercard,339.1,305,357.44,415,28,-10.10%,5.40%,22.40%,10
UNH,UnitedHealth,307.2,310,348.25,384,16,0.90%,13.40%,25.00%,7
VZ,Verizon,60.6,57,62.7,70,12,-5.90%,3.50%,15.50%,10
DIS,Walt Disney,131.2,97,132.39,164,21,-26.10%,0.90%,25.00%,10
MRK,Merck & Company,84.21,84,95.63,105,9,-0.20%,13.60%,24.70%,6
T,AT&T,29.12,25,33.78,38,11,-14.10%,16.00%,30.50%,10
PFE,Pfizer,36.96,35,43.13,55,10,-5.30%,16.70%,48.80%,9
CMCSA,Comcast,46.46,40,47.92,53,13,-13.90%,3.10%,14.10%,8
KO,Coca-Cola,51.05,48,54.7,60,10,-6.00%,7.10%,17.50%,9
PEP,PepsiCo,135.6,130,144.64,155,11,-4.10%,6.70%,14.30%,10
TMO,Thermo Fisher,435.1,432,463.92,485,17,-0.70%,6.60%,11.50%,9
CSCO,Cisco Systems,40.6,45,50.5,55,18,10.80%,24.40%,35.50%,9
XOM,Exxon Mobil,36.27,34,45.11,55,11,-6.30%,24.40%,51.60%,4
ACN,Accenture,240.2,182,224.4,256,16,-24.20%,-6.60%,6.60%,8
COST,Costco,343.9,302,364.61,410,23,-12.20%,6.00%,19.20%,8
CVX,Chevron,76.35,95,106.25,113,8,24.40%,39.20%,48.00%,5
MDT,Medtronic,107.5,110,116.35,130,19,2.30%,8.20%,20.90%,10
BMY,Bristol Myers,59.53,64,69.4,80,8,7.50%,16.60%,34.40%,7
UNP,Union Pacific,202.3,135,191.39,220,18,-33.30%,-5.40%,8.70%,9
DHR,Danaher,208.6,195,215,233,10,-6.50%,3.10%,11.70%,7
QCOM,Qualcomm,116.5,98,120.06,150,21,-15.90%,3.10%,28.80%,10
PM,Philip Morris,81.4,75,88.88,98,8,-7.90%,9.20%,20.40%,8
LOW,Lowe's,169,156,183.58,205,20,-7.70%,8.60%,21.30%,10
ORCL,Oracle,60.94,41,60.46,70,23,-32.70%,-0.80%,14.90%,8
UPS,United Parcel,161.5,66,140.54,176,15,-59.10%,-13.00%,9.00%,6
AMT,American Tower,263.7,275,291.86,315,8,4.30%,10.70%,19.50%,10
IBM,"International Business Machines
",122.4,115,139.36,155,12,-6.00%,13.90%,26.60%,6
SBUX,Starbucks,87.71,78,84.63,94,18,-11.10%,-3.50%,7.20%,7
MMM,3M Company,166.5,138,165,180,8,-17.10%,-0.90%,8.10%,10
WFC,Wells Fargo,24.88,23,30.43,40,19,-7.60%,22.30%,60.80%,3
CHTR,"Charter Communications
",622.5,500,658.29,800,19,-19.70%,5.70%,28.50%,9
AMD,"Advanced Micro Devices
",78.93,62,82.78,120,26,-21.40%,4.90%,52.00%,10
FIS,"Fidelity National Info
",148.5,128,166.58,178,24,-13.80%,12.20%,19.90%,3
BA,Boeing,163.4,149,186.24,270,18,-8.80%,14.00%,65.20%,6
RTX,"Raytheon Technologies
",61.44,70,76.63,89,9,13.90%,24.70%,44.90%,9
NOW,ServiceNow,473.9,430,483.8,538,21,-9.30%,2.10%,13.50%,9
SPGI,S&P Global,357.2,351,387.8,402,10,-1.70%,8.60%,12.50%,7
GILD,Gilead Sciences,66.2,67,80.12,105,22,1.20%,21.00%,58.60%,5
CAT,Caterpillar,148.6,111,144,164,16,-25.30%,-3.10%,10.40%,2
ISRG,"Intuitive Surgical
",715.5,365,687.13,789,17,-49.00%,-4.00%,10.30%,9
BLK,Blackrock,548.1,566,634.2,685,11,3.30%,15.70%,25.00%,9
INTU,Intuit,322.4,315,379.07,405,14,-2.30%,17.60%,25.60%,7
CVS,CVS Health,57,73,85.29,104,9,28.10%,49.60%,82.50%,4
PLD,Prologis,102.7,93,110.22,121,10,-9.40%,7.30%,17.80%,9
BKNG,"Booking Holdings
",1787,1500,1928,2150,20,-16.10%,7.90%,20.30%,9
SYK,Stryker,210.5,200,223.33,245,13,-5.00%,6.10%,16.40%,8
AXP,"American Express
",106.6,80,101.53,127,17,-25.00%,-4.80%,19.10%,7
VRTX,"Vertex Pharmaceuticals
",266.8,275,312.44,340,19,3.10%,17.10%,27.40%,8
ZM,"Zoom Video Communications
",410.9,255,408,525,24,-37.90%,-0.70%,27.80%,10
APD,"Air Products and Chemicals
",304,225,317.92,363,15,-26.00%,4.60%,19.40%,10
CCI,Crown Castle,163.4,148,179,195,9,-9.40%,9.50%,19.30%,10
TJX,TJX Companies,56.86,54,63.46,68,13,-5.00%,11.60%,19.60%,8
CL,"Colgate-Palmolive
",76.94,65,77.36,88,11,-15.50%,0.50%,14.40%,5
TMUS,T Mobile US,115.9,110,128.91,150,14,-5.10%,11.20%,29.40%,10
CSX,CSX,80.27,52,79.33,93,18,-35.20%,-1.20%,15.90%,6
MMC,"Marsh & Mclennan Companies
",118.6,113,123.25,135,12,-4.70%,3.90%,13.80%,6
ADP,"Automatic Data Processing
",136.9,135,144.5,151,7,-1.40%,5.60%,10.30%,6
BSX,"Boston Scientific
",41.02,43,46.07,50,16,4.80%,12.30%,21.90%,8
FDX,FedEx,236.6,100,218.23,300,23,-57.70%,-7.80%,26.80%,10
PGR,Progressive,95.08,83,99,115,10,-12.70%,4.10%,21.00%,7
MS,Morgan Stanley,50.39,45,57.27,68,13,-10.70%,13.70%,34.90%,9
REGN,Regeneron,579.9,550,660.92,750,15,-5.20%,14.00%,29.30%,7
CB,Chubb,117.6,114,140.36,157,12,-3.10%,19.40%,33.50%,9
FISV,Fiserv,100.5,96,125.72,160,19,-4.50%,25.10%,59.20%,2
NEM,Newmont Mining,67.55,61,77.1,90.38,10,-9.70%,14.10%,33.80%,8
GE,"General Electric
",6.1,6.3,8.4,11,10,3.30%,37.70%,80.30%,5
HUM,Humana,399.9,409,446.07,496,15,2.30%,11.50%,24.00%,7
NOC,Northrop,338,370,406.88,470,8,9.50%,20.40%,39.10%,8
SQ,Square,154.5,44,152.23,225,28,-71.50%,-1.50%,45.60%,9
ECL,Ecolab,206.6,172,199.67,230,7,-16.70%,-3.40%,11.30%,8
DG,Dollar General,202.8,182,227.94,246,19,-10.30%,12.40%,21.30%,7
GPN,Global Payments,173.1,165,202.64,247,14,-4.70%,17.10%,42.70%,6
ADSK,Autodesk,235.8,170,263.29,300,16,-27.90%,11.70%,27.20%,4
PNC,PNC Financial,111.2,83,114.04,127,11,-25.40%,2.60%,14.20%,3
LRCX,Lam Research,308.9,320,394.79,450,20,3.60%,27.80%,45.70%,10
ADI,Analog Devices,116,100,137.27,155,17,-13.80%,18.30%,33.60%,7
BAX,"Baxter International
",80.51,90,96.86,100,10,11.80%,20.30%,24.20%,7
SCHW,Charles Schwab,34.75,35,38.75,47,8,0.70%,11.50%,35.30%,3
ROP,"Roper Technologies
",403.8,300,424.75,490,10,-25.70%,5.20%,21.30%,6
ETN,Eaton,102.8,87,103.25,115,12,-15.40%,0.40%,11.90%,4
LHX,"L3Harris Technologies
",178.7,205,236.43,258,7,14.70%,32.30%,44.40%,7
DLR,Digital Realty,147.2,139,166.79,186,16,-5.60%,13.30%,26.40%,6
CTSH,Cognizant,70.13,45.5,71.53,85,17,-35.10%,2.00%,21.20%,9
GD,"General Dynamics
",145.1,159,164.33,180,7,9.60%,13.30%,24.10%,2
DXCM,Dexcom,397.9,400,473.4,540,16,0.50%,19.00%,35.70%,10
EA,Electronic Arts,128.3,132,152.14,170,25,2.90%,18.60%,32.50%,7
DOCU,DocuSign,202,210,255.4,300,16,4.00%,26.40%,48.50%,10
VEEV,Veeva Systems,273.5,228,300.89,325,19,-16.60%,10.00%,18.80%,8
WDAY,Workday,207.6,170,246.72,296,25,-18.10%,18.80%,42.60%,9
GIS,General Mills,59.02,62,66.63,72,8,5.00%,12.90%,22.00%,7
LULU,"Lululemon Athletica
",315.4,228,379.07,449,28,-27.70%,20.20%,42.40%,7
EXC,Exelon,36.17,36,45.86,58,8,-0.50%,26.80%,60.40%,7
CMG,Chipotle,1277,751,1288,1600,28,-41.20%,0.90%,25.30%,10
ORLY,O'Reilly Auto,477.4,450,502.08,550,15,-5.70%,5.20%,15.20%,7
SRE,Sempra Energy,117.6,119,147.71,184,7,1.20%,25.60%,56.50%,8
CSGP,CoStar Group,843,800,861.3,925,10,-5.10%,2.20%,9.70%,10
SYY,Sysco,65.4,57,64,74,7,-12.80%,-2.10%,13.10%,10
CMI,Cummins,210.1,160,206.57,244,16,-23.80%,-1.70%,16.10%,7
PPG,PPG Industries,129.9,114,127.46,140,15,-12.20%,-1.90%,7.80%,9
APH,Amphenol,108.3,95,117.86,140,8,-12.30%,8.80%,29.30%,6
IQV,IQVIA Holdings,164.7,140,182,204,14,-15.00%,10.50%,23.90%,6
TWTR,Twitter,39.09,30,38.69,52,29,-23.30%,-1.00%,33.00%,2
PCAR,Paccar,85.77,67,90.45,108,11,-21.90%,5.50%,25.90%,6
TRV,"Travelers Companies
",112.1,115,127,155,10,2.60%,13.30%,38.30%,8
TROW,T Rowe Price,126.7,125,142.9,160,10,-1.30%,12.80%,26.30%,6
CDNS,Cadence Design,105.2,80,112.5,128,7,-24.00%,6.90%,21.70%,5
MAR,"Marriott International
",105.3,83,101.82,148,12,-21.20%,-3.30%,40.60%,5
F,Ford Motor,7.04,4.9,7.43,8,12,-30.40%,5.50%,13.60%,3
YUM,Yum! Brands,93.52,85,98.85,108,13,-9.10%,5.70%,15.50%,7
CLX,Clorox,209.5,189,223.33,269,9,-9.80%,6.60%,28.40%,6
HPQ,HP,19.26,17,19.69,25,9,-11.70%,2.20%,29.80%,4
PRU,"Prudential Financial
",68.36,58,66.13,72,9,-15.20%,-3.30%,5.30%,6
PH,Parker Hannifin,209.9,140,212.18,229,11,-33.30%,1.10%,9.10%,7
BLL,Ball,84.43,70,78.38,86,9,-17.10%,-7.20%,1.90%,7
MRVL,Marvell,39.01,30,41.24,50,22,-23.10%,5.70%,28.20%,5
AWK,American Water,143.5,138,147.6,157,7,-3.80%,2.90%,9.40%,8
ROK,"Rockwell Automation
",224.7,155,224.27,270,12,-31.00%,-0.20%,20.20%,9
WBA,"Walgreens Boots Alliance
",35.27,37,41,45,12,4.90%,16.20%,27.60%,7
HLT,"Hilton Worldwide Holdings
",91.94,72,89.75,125,12,-21.70%,-2.40%,36.00%,5
WMB,Williams Co,20.87,21,24.5,29,12,0.60%,17.40%,39.00%,10
KR,Kroger Company,32.72,33,36.56,40,17,0.90%,11.70%,22.20%,10
CARR,Carrier Global,29.69,26,30.33,38,9,-12.40%,2.20%,28.00%,7
SLB,Schlumberger,18.2,18.1,23.73,28,16,-0.50%,30.40%,53.80%,7
WELL,Welltower,60.71,42,53.7,60,11,-30.80%,-11.50%,-1.20%,3
ED,"Consolidated Edison
",74.47,72,76.33,83,7,-3.30%,2.50%,11.50%,8
GLW,Corning,32.82,26,32.07,39,8,-20.80%,-2.30%,18.80%,6
MKC,"McCormick & Company
",200.3,121,166.86,200,7,-39.60%,-16.70%,-0.10%,5
SWK,"Stanley Black & Decker
",162.8,131,171.7,191,12,-19.50%,5.50%,17.30%,7
XLNX,Xilinx,102.8,88,109.94,130,18,-14.40%,6.90%,26.50%,9
BBY,Best Buy Co,107.9,97,122.17,135,19,-10.10%,13.20%,25.10%,10
PANW,"Palo Alto Networks
",248,230,297.81,340,27,-7.30%,20.10%,37.10%,9
VFC,VF,74.79,53,66.75,88,12,-29.10%,-10.80%,17.70%,8
LUV,"Southwest Airlines
",40.61,36,43.8,54,13,-11.40%,7.90%,33.00%,2
APTV,Aptiv,86.01,63,89.8,110,10,-26.80%,4.40%,27.90%,10
SWKS,"Skyworks Solutions
",140.9,126,148.45,175,23,-10.60%,5.40%,24.20%,6
EOG,EOG Resources,38.59,52,63.53,85,16,34.70%,64.60%,120.30%,3
CHD,Church & Dwight,92.33,74,94.75,111,13,-19.90%,2.60%,20.20%,5
STT,State Street,63.2,64,71.88,83,8,1.30%,13.70%,31.30%,6
OKTA,Okta,193.4,215,235.29,266,17,11.20%,21.70%,37.50%,8
CTVA,Corteva,29.45,28,30.14,34,7,-4.90%,2.30%,15.40%,7
WY,Weyerhaeuser,28.76,28,31.57,35,8,-2.60%,9.80%,21.70%,5
PPL,PPL,27.72,29,30.07,31,8,4.60%,8.50%,11.80%,6
HSY,Hershey Co,144.3,140,149.58,170,13,-3.00%,3.70%,17.80%,8
EQR,"Equity Residential
",56.33,50,59.08,70,12,-11.20%,4.90%,24.30%,8
DLTR,Dollar Tree,88.65,100,110.82,125,13,12.80%,25.00%,41.00%,9
TEAM,Atlassian,171,175,204.44,240,11,2.30%,19.60%,40.40%,5
CPRT,Copart,105,74,107,120,7,-29.50%,1.90%,14.30%,8
DAL,Delta Airlines,33.51,32,39.17,50,9,-4.50%,16.90%,49.20%,1
KHC,Kraft Heinz,31.97,30,35.71,40,15,-6.20%,11.70%,25.10%,7
EFX,Equifax,160.2,150,182.67,200,10,-6.40%,14.00%,24.80%,3
LYB,LyondellBasell,76.55,60,74.89,88,11,-21.60%,-2.20%,15.00%,9
VLO,Valero Energy,46.56,59,70.36,85,12,26.70%,51.10%,82.60%,5
AMP,"Ameriprise Financial
",153.8,163,178.71,195,8,6.00%,16.20%,26.80%,10
FRC,"First Republic Bank
",108,85,119.93,140,14,-21.30%,11.00%,29.60%,5
LVS,Las Vegas Sands,51.85,50,58.64,65,11,-3.60%,13.10%,25.40%,7
MXIM,"Maxim Integrated
",67.09,50,70.83,81,13,-25.50%,5.60%,20.70%,4
CMS,CMS Energy,61.11,57,60.67,63,7,-6.70%,-0.70%,3.10%,8
TFX,Teleflex,369.8,400,423.71,450,8,8.20%,14.60%,21.70%,5
KMX,CarMax,105,100,112.57,130,7,-4.80%,7.20%,23.80%,4
IMMU,Immunomedics,84.75,40,68.25,88,9,-52.80%,-19.50%,3.80%,7
VMC,"Vulcan Materials
",131.4,120,136.64,151,12,-8.70%,4.00%,14.90%,5
MRNA,Moderna,66.88,41,90.62,134,14,-38.70%,35.50%,100.40%,5
MKTX,"Marketaxess Holdings
",464,492,534.71,600,8,6.00%,15.20%,29.30%,6
CAG,Conagra Brands,34.57,32,37.33,41,9,-7.40%,8.00%,18.60%,8
CTXS,Citrix Systems,135.9,145,166.57,189,10,6.70%,22.60%,39.10%,7
DOV,Dover,113.9,102,117.43,126,8,-10.40%,3.10%,10.60%,7
COUP,Coupa Software,252.2,232,288.12,339,17,-8.00%,14.20%,34.40%,10
TRU,TransUnion,87.49,95,102.67,106,7,8.60%,17.40%,21.20%,3
K,Kellogg,65.63,54,72.33,79,12,-17.70%,10.20%,20.40%,6
FE,FirstEnergy,29.35,28.5,38.14,45,13,-2.90%,29.90%,53.30%,4
VIAC,ViacomCBS,30.13,22,28.56,35,17,-27.00%,-5.20%,16.20%,8
ROKU,Roku,168.5,65,167.21,228,20,-61.40%,-0.80%,35.30%,8
INVH,"Invitation Homes
",28.91,30,33.38,36,9,3.80%,15.50%,24.50%,8
TSCO,Tractor Supply,140.8,140,156.94,171,18,-0.60%,11.50%,21.40%,9
FITB,"Fifth Third Bancorp
",21.87,19,23.38,27,9,-13.10%,6.90%,23.50%,7
GWW,WW Grainger,354.6,256,354.27,416,11,-27.80%,-0.10%,17.30%,7
SYF,"Synchrony Financial
",26.49,20,27.35,40,13,-24.50%,3.20%,51.00%,6
PXD,Pioneer Natural,94.63,105,126.06,173,19,11.00%,33.20%,82.80%,4
HZNP,"Horizon Therapeutics
",78.97,90,103,123,10,14.00%,30.40%,55.80%,10
XYL,Xylem,84.41,69,79.43,88,8,-18.30%,-5.90%,4.30%,2
DPZ,Domino's Pizza,389.5,385,430.43,458,22,-1.20%,10.50%,17.60%,7
EXPD,"Expeditors International
",93.3,64,78.13,91,9,-31.40%,-16.30%,-2.50%,4
DGX,"Quest Diagnostics
",113.5,128,144.38,151,9,12.80%,27.20%,33.00%,9
ALNY,Alnylam Pharma,130.5,90,171.58,225,12,-31.00%,31.50%,72.40%,6
CRWD,"CrowdStrike Holdings
",131.4,116,148.14,172,21,-11.70%,12.70%,30.90%,9
NDAQ,Nasdaq,128.1,116,134.92,146,14,-9.40%,5.30%,14.00%,8
PINS,Pinterest,37.61,26,36.82,45.5,20,-30.90%,-2.10%,21.00%,7
FMC,FMC,111.8,115,122.2,128,11,2.90%,9.30%,14.50%,4
HIG,"Hartford Financial
",37.48,46,49.5,55,9,22.70%,32.10%,46.70%,9
MAA,"Mid-America Apartment
",118.5,120,126.17,136,7,1.30%,6.50%,14.80%,4
ABC,"AmerisourceBergen
",94.9,88,114,127,10,-7.30%,20.10%,33.80%,9
PODD,Insulet,225.5,210,239.69,260,14,-6.90%,6.30%,15.30%,5
BURL,"Burlington Stores
",212.2,200,234.78,255,11,-5.70%,10.60%,20.20%,2
MLM,"Martin Marietta Materials
",218.1,220,246.29,267,8,0.90%,12.90%,22.40%,3
IFF,"International Flavors & Fragrances
",124.2,111,132.17,150,7,-10.60%,6.40%,20.80%,2
PKI,PerkinElmer,118.5,105,120,139,9,-11.40%,1.30%,17.30%,7
CE,Celanese,110.3,95,108.33,120,15,-13.90%,-1.80%,8.80%,9
SIVB,"Svb Financial Group
",248.2,160,261.92,299,13,-35.50%,5.50%,20.50%,6
ULTA,Ulta Beauty,237.3,230,269.5,300,19,-3.10%,13.60%,26.40%,4
CTLT,Catalent,84.32,91,99.5,107,10,7.90%,18.00%,26.90%,7
EXPE,Expedia,97.4,65,100.06,138,20,-33.30%,2.70%,41.70%,5
TRMB,"Trimble Navigation
",52.08,46,51.71,56,7,-11.70%,-0.70%,7.50%,7
URI,United Rentals,176.5,110,161.88,200,9,-37.70%,-8.30%,13.30%,6
TER,Teradyne,77.2,73,88.28,105,10,-5.40%,14.40%,36.00%,8
IR,Ingersoll Rand,36.33,31,34.14,36,7,-14.70%,-6.00%,-0.90%,2
ABMD,Abiomed,279.1,217,316.75,365,7,-22.30%,13.50%,30.80%,4
CFG,"Citizens Financial
",26.69,25,30.55,35,11,-6.30%,14.50%,31.10%,6
WAB,"Westinghouse Air Brake Technologies
",66.82,65,72,80,7,-2.70%,7.80%,19.70%,4
NLOK,NortonLifeLock,21.23,21,25.45,28,12,-1.10%,19.90%,31.90%,10
ANET,Arista Networks,206.3,148,239.08,290,14,-28.30%,15.90%,40.60%,8
OKE,Oneok,26.29,25,32.42,38,13,-4.90%,23.30%,44.50%,4
DRI,Darden,93.38,71,89.41,112,23,-24.00%,-4.30%,19.90%,9
FBHS,Fortune Brands,84.08,64,78.18,95,11,-23.90%,-7.00%,13.00%,9
BAH,Booz Allen,83.87,80,88.75,95,7,-4.60%,5.80%,13.30%,9
GNRC,"Generac Holdings
",187.1,150,193.56,220,12,-19.80%,3.50%,17.60%,10
JBHT,JB Hunt,132.9,110,135.88,155,18,-17.20%,2.20%,16.60%,3
QGEN,Qiagen,50.14,46.32,56.64,71.26,15,-7.60%,13.00%,42.10%,10
KDP,"Keurig Dr Pepper
",28.8,31,34.27,40,11,7.60%,19.00%,38.90%,7
NLY,Annaly Capital,7.46,7.5,8.06,8.5,10,0.50%,8.00%,13.90%,10
WHR,Whirlpool,178.3,122,157.86,200,8,-31.60%,-11.50%,12.20%,6
EMN,"Eastman Chemical
",80.15,73,81.33,92,12,-8.90%,1.50%,14.80%,3
CRL,"Charles River Labs
",225.3,192,235.67,256,13,-14.80%,4.60%,13.60%,3
MPWR,"Monolithic Power
",258.6,270,285.25,310,8,4.40%,10.30%,19.90%,5
BRO,Brown & Brown,45.16,44,47.5,53,7,-2.60%,5.20%,17.40%,7
UAL,"United Airlines Holdings
",36.8,25,39.17,61,10,-32.10%,6.40%,65.80%,1
CGNX,Cognex,64.25,39,54.5,72,7,-39.30%,-15.20%,12.10%,1
UDR,UDR,34.8,33,38,41,7,-5.20%,9.20%,17.80%,4
LKQ,LKQ,31.85,32,39.71,48,8,0.50%,24.70%,50.70%,10
NTAP,NetApp,45.38,38,49.92,60,14,-16.30%,10.00%,32.20%,5
CNP,"Centerpoint Energy
",19.01,17,20.75,23,8,-10.60%,9.20%,21.00%,6
AVTR,Avantor,21.76,21,24.06,29,9,-3.50%,10.60%,33.30%,5
LII,"Lennox International
",273.2,190,244.14,275,9,-30.50%,-10.60%,0.70%,4
AVLR,Avalara,120.2,138,147.1,159,10,14.80%,22.40%,32.30%,9
BKR,"Baker Hughes Company
",14.71,18,20.67,26,13,22.40%,40.50%,76.80%,7
MPW,"Medical Properties
",18.32,19,21.4,23,10,3.70%,16.80%,25.50%,5
CVNA,Carvana Co,171.9,105,190.8,250,16,-38.90%,11.00%,45.40%,6
WU,Western Union,22.43,21,24.44,28,10,-6.40%,9.00%,24.80%,3
CXO,"Concho Resources
",46.19,63,72.44,99,17,36.40%,56.80%,114.30%,7
PCG,PG&E,9.78,11,13.06,14.5,12,12.50%,33.50%,48.30%,6
IAC,IAC/InterActive,126,135,155.94,174,17,7.10%,23.80%,38.10%,5
ZS,Zscaler,132.6,100,148.44,205,18,-24.60%,11.90%,54.60%,10
ON,"ON Semiconductor
",22.02,14,23.7,28,17,-36.40%,7.60%,27.20%,3
GWRE,Guidewire,107.1,129,137.57,145,7,20.40%,28.50%,35.40%,10
WRK,WestRock,35.95,26,34.83,44,7,-27.70%,-3.10%,22.40%,7
PTC,PTC,88.32,89,100.5,120,11,0.80%,13.80%,35.90%,8
CPT,Camden Property,92.01,95,100.89,111,9,3.20%,9.70%,20.60%,8
HST,"Host Hotels & Resorts
",12.02,8,13.17,20,13,-33.40%,9.60%,66.40%,6
ATUS,Altice Usa,27.03,28,34.89,41,10,3.60%,29.10%,51.70%,5
CCL,Carnival,15.93,10,15.93,24,18,-37.20%,0.00%,50.70%,1
CPB,Campbell Soup,45.52,44,53.57,59,7,-3.30%,17.70%,29.60%,5
CHGG,Chegg,66.39,79,95.25,105,12,19.00%,43.50%,58.20%,10
JNPR,"Juniper Networks
",23.1,19,25.15,28,10,-17.70%,8.90%,21.20%,7
APO,"Apollo Global Management
",45.35,45,55,65,13,-0.80%,21.30%,43.30%,7
PNR,Pentair,45.11,39,46.5,54,12,-13.50%,3.10%,19.70%,8
LYFT,Lyft,30.23,30,42.37,66,22,-0.80%,40.20%,118.30%,6
COG,Cabot Oil & Gas,18.68,18,21,23,9,-3.60%,12.40%,23.10%,2
EXEL,Exelixis,25.13,23,31.17,40,7,-8.50%,24.00%,59.20%,8
LEA,Lear,123.5,93,127.44,143,10,-24.70%,3.20%,15.80%,2
PLAN,Anaplan,58.51,50,65.75,75,16,-14.50%,12.40%,28.20%,3
FFIV,F5 Networks,121.4,140,166.45,190,12,15.30%,37.10%,56.50%,4
CF,CF Industries,32.97,31,36.5,40,7,-6.00%,10.70%,21.30%,4
BYND,Beyond Meat,146.4,72,126.71,180,16,-50.80%,-13.40%,23.00%,3
AMED,Amedisys,239.5,245,258,290,12,2.30%,7.70%,21.10%,6
ENPH,Enphase Energy,72.16,52.5,74.38,100,14,-27.20%,3.10%,38.60%,10
SAM,Boston Beer,874.3,440,829.82,1015,11,-49.70%,-5.10%,16.10%,5
BERY,"Berry Global Group
",51.56,55,60.5,65,11,6.70%,17.30%,26.10%,6
WSM,Williams-Sonoma,93.04,89,105,120,13,-4.30%,12.90%,29.00%,9
LNC,"Lincoln National
",33.59,35,42.25,50,8,4.20%,25.80%,48.90%,7
FIVE,Five Below,132.6,120,136.67,155,15,-9.50%,3.10%,16.90%,10
RUN,Sunrun,61.01,23,45.11,57,9,-62.30%,-26.10%,-6.60%,8
LVGO,Livongo Health,124.4,70,113.2,150,12,-43.70%,-9.00%,20.60%,6
DNKN,Dunkin' Brands,77.13,63,73,80,15,-18.30%,-5.40%,3.70%,3
SIRI,"Sirius XM Holdings
",5.36,5.5,6.91,7.5,9,2.60%,28.90%,39.90%,7
LB,L Brands,28.99,15,30.74,40,19,-48.30%,6.00%,38.00%,5
AAL,"American Airlines
",13.14,9,12,18,10,-31.50%,-8.70%,37.00%,1
ARMK,"ARAMARK Holdings
",28.78,24,28,36,8,-16.60%,-2.70%,25.10%,1
LPLA,LPL Financial,80.58,79,96.07,118.5,7,-2.00%,19.20%,47.10%,7
HDS,"HD Supply Holdings
",40.86,36,43.4,51,11,-11.90%,6.20%,24.80%,3
FND,"Floor & Decor Holdings
",75.05,65,77.64,85,14,-13.40%,3.50%,13.30%,6
WEX,WEX,146.3,155,180.44,225,9,5.90%,23.30%,53.80%,2
TAP,Molson Coors,34.29,31,42.7,55,10,-9.60%,24.50%,60.40%,6
LHCG,LHC Group,205.8,190,228.57,250,7,-7.70%,11.10%,21.50%,7
FSLR,First Solar,72.89,38,71.4,95,13,-47.90%,-2.00%,30.30%,9
DECK,Deckers Outdoor,214.4,211,246.2,265,11,-1.60%,14.80%,23.60%,9
MNTA,Momenta Pharma,52.37,36,50.19,53,10,-31.30%,-4.20%,1.20%,4
HII,"Huntington Ingalls
",145.2,158,181.86,205,7,8.80%,25.20%,41.20%,4
HTA,Healthcare,26.87,28,30.57,35,7,4.20%,13.80%,30.30%,10
ESTC,Elastic,103.7,100,127.54,145,13,-3.60%,23.00%,39.80%,10
MKSI,MKS Instruments,106.2,120,147.89,185,9,13.00%,39.30%,74.20%,7
LITE,"Lumentum Holdings
",71.94,84,106.27,120,15,16.80%,47.70%,66.80%,10
PVH,PVH,70.93,35,61.91,87,11,-50.70%,-12.70%,22.70%,6
BLD,TopBuild,155.2,114,157.9,180,10,-26.50%,1.70%,16.00%,7
EWBC,"East West Bancorp
",34.02,33,39.86,47,7,-3.00%,17.20%,38.20%,6
ZG,Zillow Group,91,28,83.06,110,20,-69.20%,-8.70%,20.90%,7
SITE,"SiteOne Landscape Supply
",118.7,85,118.75,150,8,-28.40%,0.00%,26.40%,5
LSTR,Landstar System,129.6,70,119.89,140,10,-46.00%,-7.50%,8.00%,7
KIM,Kimco Realty,12.97,11,13.8,16,11,-15.20%,6.40%,23.40%,6
ALK,Alaska Air,42.18,35,50.33,63,8,-17.00%,19.30%,49.40%,3
IPHI,Inphi,106.9,112,146.21,164,14,4.80%,36.80%,53.40%,8
EGP,"Eastgroup Properties
",134,130,135.86,144,7,-3.00%,1.40%,7.50%,6
XLRN,"Acceleron Pharma
",101.8,106,131.6,155,10,4.10%,29.30%,52.30%,10
HUN,Huntsman,23.04,17,23.33,29,14,-26.20%,1.30%,25.90%,5
PLNT,Planet Fitness,61,47,67.22,82,10,-23.00%,10.20%,34.40%,2
NVRO,Nevro Crop,144.5,139,153.33,165,10,-3.80%,6.10%,14.20%,5
PEGA,Pegasystems,123.3,112,138.44,163,9,-9.20%,12.30%,32.20%,7
WWD,Woodward,82.55,47,84,100,7,-43.10%,1.80%,21.10%,3
OLLI,"Ollie's Bargain Outlet Holding
",87.92,91,116.54,139,13,3.50%,32.60%,58.10%,9
PLUG,Plug Power,12.53,9,12.12,14,11,-28.20%,-3.30%,11.70%,9
TW,"Tradeweb Markets
",54.26,56,60.36,66,7,3.20%,11.20%,21.60%,6
RARE,"Ultragenyx Pharmaceutical
",81.23,64,87.27,99,11,-21.20%,7.40%,21.90%,5
HOG,Harley-Davidson,27.28,23,30.11,36,14,-15.70%,10.40%,32.00%,4
ACAD,"ACADIA Pharmaceuticals
",38.79,42,57.57,66,15,8.30%,48.40%,70.10%,3
NBL,Noble Energy,9.02,10,11.99,18,15,10.90%,32.90%,99.60%,7
WEN,Wendy's,21.86,21,24.42,28,15,-3.90%,11.70%,28.10%,8
QTWO,Q2 Holdings,88.44,95,111.82,125,12,7.40%,26.40%,41.30%,5
ATH,Athene Holding,35.87,38,46.29,72,7,5.90%,29.00%,100.70%,2
TPX,Tempur Sealy,94.09,82,109.38,130,11,-12.80%,16.30%,38.20%,10
GPK,"Graphic Packaging
",14.25,15,17.33,19,7,5.30%,21.60%,33.30%,9
WING,Wingstop,131.7,120,157.17,182,16,-8.90%,19.30%,38.20%,6
BRKR,Bruker,39.25,44,48.88,54,9,12.10%,24.50%,37.60%,5
HQY,Healthequity,51.02,60,66.2,70,7,17.60%,29.80%,37.20%,7
FRPT,Freshpet,110.9,67,99.88,130,9,-39.60%,-9.90%,17.20%,3
BL,BlackLine,81.78,71,89.43,95,7,-13.20%,9.40%,16.20%,7
EVBG,Everbridge,120.7,140,161.5,180,8,16.00%,33.80%,49.10%,5
RL,Ralph Lauren,80.62,61,76.94,90,9,-24.30%,-4.60%,11.60%,6
ARES,Ares Management,40.17,40,44,46,8,-0.40%,9.50%,14.50%,10
HALO,Halozyme,27.53,14,31.86,43,7,-49.10%,15.70%,56.20%,3
FL,Foot Locker,35.84,29,33.8,40,15,-19.10%,-5.70%,11.60%,6
SLG,SL Green Realty,49.9,47,57.2,75,7,-5.80%,14.60%,50.30%,6
KSS,Kohl's,23.13,14,19.25,27,9,-39.50%,-16.80%,16.70%,7
JBLU,JetBlue Airways,12.62,9,12.17,17,8,-28.70%,-3.60%,34.70%,3
OGS,ONE Gas,69.32,70,83,92,8,1.00%,19.70%,32.70%,4
FLS,Flowserve,28.19,25,30,33,7,-11.30%,6.40%,17.10%,2
EQT,EQT,14.25,12,17.38,24,13,-15.80%,22.00%,68.40%,8
DISCA,Discovery,23.82,20,26.8,33,11,-16.00%,12.50%,38.50%,3
MRO,Marathon Oil,4.34,5.4,6.81,9,15,24.40%,56.90%,107.40%,5
VRNS,Varonis Systems,112.4,91,125.27,145,16,-19.00%,11.50%,29.00%,7
CHH,Choice Hotels,98.09,77,88.7,104,10,-21.50%,-9.60%,6.00%,6
SAIA,Saia,133.6,66,124.88,150,8,-50.60%,-6.50%,12.30%,6
ASGN,ASGN,69.6,60,74,88,7,-13.80%,6.30%,26.40%,4
CRUS,Cirrus Logic,61.32,65,80.2,95,7,6.00%,30.80%,54.90%,9
DKS,"Dick's Sporting Goods
",57.44,50,59.29,71,18,-13.00%,3.20%,23.60%,9
INSP,"Inspire Medical Systems
",125.2,50,121.56,150,9,-60.10%,-2.90%,19.80%,3
YETI,Yeti Holdings,48.13,40,52.45,65,11,-16.90%,9.00%,35.10%,10
CHNG,"Change Healthcare
",14.57,15,17.89,22,9,3.00%,22.80%,51.00%,8
CFX,Colfax,33.82,27,34.57,40,7,-20.20%,2.20%,18.30%,5
POR,Portland GE,33.69,40,42.43,47,10,18.70%,25.90%,39.50%,1
GPS,Gap,16.87,14,18.2,28,16,-17.00%,7.90%,66.00%,3
AN,AutoNation,56.3,54,62.67,73,7,-4.10%,11.30%,29.70%,2
HL,"Hecla Mining Company
",5.8,3.5,6.53,11,8,-39.70%,12.60%,89.70%,6
WYND,"Wyndham Destinations
",33.68,36,41,45,7,6.90%,21.70%,33.60%,9
THC,"Tenet Healthcare
",28.37,25,30.22,35,9,-11.90%,6.50%,23.40%,8
NUVA,NuVasive,54.9,53,69,78,9,-3.50%,25.70%,42.10%,9
CPRI,Capri Holdings,21.15,15,19.13,25,10,-29.10%,-9.60%,18.20%,6
SYNA,Synaptics,83.71,90,100.83,120,7,7.50%,20.50%,43.40%,7
HRB,H&R Block,14.7,16,18.5,21,8,8.80%,25.90%,42.90%,4
RPD,Rapid7,62.06,60,71,80,11,-3.30%,14.40%,28.90%,5
CROX,Crocs,42.63,40,45.29,53,9,-6.20%,6.20%,24.30%,10
PTCT,"PTC Therapeutics
",47.59,45,61.29,86,8,-5.40%,28.80%,80.70%,6
SAGE,"SAGE Therapeutics
",58.52,53,69.82,87,14,-9.40%,19.30%,48.70%,6
PZZA,"Papa John's International
",86.15,95,106.67,115,10,10.30%,23.80%,33.50%,6
FEYE,FireEye,12.61,14,16.85,20,11,11.00%,33.60%,58.60%,5
NEWR,New Relic,57.74,54,66.7,78,12,-6.50%,15.50%,35.10%,4
PE,Parsley Energy,9.57,12,15.14,22,21,25.40%,58.20%,129.90%,5
PK,"Park Hotels & Resorts
",11.16,7,10.43,13,9,-37.30%,-6.50%,16.50%,5
SVMK,SVMK,22.54,27,28.14,30,7,19.80%,24.80%,33.10%,5
TDC,Teradata,22.35,17,26.4,36,7,-23.90%,18.10%,61.10%,2
TPH,Tri Pointe,17.36,17.5,20.75,24,7,0.80%,19.50%,38.20%,4
WERN,"Werner Enterprises
",45.19,40,48.6,55,10,-11.50%,7.50%,21.70%,9
AA,Alcoa,13.78,11,13.38,17,8,-20.20%,-2.90%,23.40%,8
ALRM,Alarm,57.46,55,67.5,79,7,-4.30%,17.50%,37.50%,7
AVNT,Avient,27.7,29,32.67,39,7,4.70%,17.90%,40.80%,7
MDLA,Medallia,29.15,32,39.75,52,8,9.80%,36.40%,78.40%,8
GDOT,Green Dot,49.74,48,58,75,11,-3.50%,16.60%,50.80%,8
DOOR,"Masonite International
",94.36,84,98.86,120,8,-11.00%,4.80%,27.20%,9
AEIS,"Advanced Energy Industries
",60.71,66,83.5,90,7,8.70%,37.50%,48.20%,6
SFM,Sprouts Farmers,20.61,20,28.86,39,10,-3.00%,40.00%,89.20%,8
STL,"Sterling Bancorp
",11.22,12,15.33,20,7,7.00%,36.60%,78.30%,5
BYD,Boyd Gaming,29.17,23,30,40,10,-21.20%,2.80%,37.10%,5
XNCR,Xencor,40.77,21,43,52,8,-48.50%,5.50%,27.50%,6
ADS,"Alliance Data Systems
",44.36,45,62.5,87,7,1.40%,40.90%,96.10%,6
NAV,Navistar,42.94,27,38.83,45,8,-37.10%,-9.60%,4.80%,9
UAA,Under Armour,11.66,5,10.88,15,10,-57.10%,-6.70%,28.60%,1
TRIP,TripAdvisor,21.04,16,24.33,30,13,-24.00%,15.60%,42.60%,5
APPN,Appian,60.42,38,49.33,57,7,-37.10%,-18.40%,-5.70%,5
VC,Visteon,76.88,28,68.5,87,7,-63.60%,-10.90%,13.20%,9
EXLS,"Exlservice Holdings
",67.04,64,73.17,86,8,-4.50%,9.10%,28.30%,4
CCXI,ChemoCentryx,52.96,63,75.14,100,7,19.00%,41.90%,88.80%,8
DNLI,"Denali Therapeutics
",37.27,35,40.71,45,7,-6.10%,9.20%,20.70%,8
CARG,CarGurus,23.85,27,34.17,39,8,13.20%,43.30%,63.50%,9
JACK,Jack In The Box,84.47,64,88.82,100,11,-24.20%,5.10%,18.40%,2
EAT,"Brinker International
",45.72,28,41.38,55,17,-38.80%,-9.50%,20.30%,8
UA,Under Armour,10.74,9,9.4,11,7,-16.20%,-12.50%,2.40%,2
SHO,Sunstone Hotel,8.44,6,9,12,7,-28.90%,6.60%,42.20%,6
PINC,Premier,31.61,32,35.88,39,9,1.20%,13.50%,23.40%,3
SIX,Six Flags,24.82,17,21.5,30,9,-31.50%,-13.40%,20.90%,4
OI,O-I Glass,11.66,10,12.29,15,8,-14.20%,5.40%,28.60%,5
WPX,WPX Energy,4.67,7,9.1,12,13,49.90%,94.90%,157.00%,6
ALGT,"Allegiant Travel Company
",141.8,104,148.22,200,9,-26.70%,4.50%,41.00%,8
AQUA,"Evoqua Water Technologies
",20.65,20,22.67,26,7,-3.10%,9.80%,25.90%,5
OLN,Olin,11.76,10,12.75,17,8,-15.00%,8.40%,44.60%,7
WWE,World Wrestling,41.38,35,49.43,66,8,-15.40%,19.50%,59.50%,5
HUBG,Hub Group,51.92,44,55,62,8,-15.30%,5.90%,19.40%,2
EHTH,Ehealth,77.85,98,138,200,11,25.90%,77.30%,156.90%,5
APLS,"Apellis Pharmaceuticals
",31.88,31,48.5,62,7,-2.80%,52.10%,94.50%,2
ELY,Callaway Golf,19.74,20,22.14,25,7,1.30%,12.20%,26.60%,9
ADNT,Adient,17.91,13,20.57,26,8,-27.40%,14.90%,45.20%,2
ALLO,"Allogene Therapeutics
",36.09,37,50.2,55,7,2.50%,39.10%,52.40%,5
COMM,"CommScope Holding
",9.59,10.75,13.79,18,7,12.10%,43.80%,87.70%,1
HP,"Helmerich & Payne
",16.75,11.5,20.44,28,9,-31.30%,22.00%,67.20%,2
RLJ,RLJ Lodging,10.18,8,10.21,12,8,-21.40%,0.30%,17.90%,2
URBN,"Urban Outfitters
",23.25,18,24.67,30,19,-22.60%,6.10%,29.00%,3
UFS,Domtar,27.09,16.69,31.24,42,8,-38.40%,15.30%,55.00%,9
EGHT,8X8,15.55,12,20.56,29,9,-22.80%,32.20%,86.50%,5
JWN,Nordstrom,14.95,11,17,30,9,-26.40%,13.70%,100.70%,4
INO,"Inovio Pharmaceuticals
",16.55,8,19,36,8,-51.70%,14.80%,117.50%,10
MXL,Maxlinear,23.98,27,32.75,40,10,12.60%,36.60%,66.80%,7
PMT,"PennyMac Mortgage
",17.59,18,19.4,21,7,2.30%,10.30%,19.40%,5
WGO,"Winnebago Industries
",48.52,60,67.83,75,7,23.70%,39.80%,54.60%,8
PS,Pluralsight,17.87,20,24.11,26,10,11.90%,34.90%,45.50%,7
VIRT,Virtu Financial,26.85,24,26.71,31,7,-10.60%,-0.50%,15.50%,8
COOP,Mr Cooper Group,21.97,14,19.83,26,7,-36.30%,-9.70%,18.30%,10
MDRX,Allscripts,8.45,5.5,9.55,13,12,-34.90%,13.00%,53.80%,6
MUR,Murphy Oil,10.75,10,15.14,22,13,-7.00%,40.80%,104.70%,2
YEXT,Yext,15.5,13,20.75,26,9,-16.10%,33.90%,67.70%,8
SAVE,Spirit Airlines,18.4,15,20.6,29,8,-18.50%,12.00%,57.60%,3
RRC,Range Resources,7.58,4,7.62,14,14,-47.20%,0.50%,84.70%,7
YELP,Yelp,22.86,20,25.11,34,12,-12.50%,9.80%,48.70%,8
ATRC,Atricure,41.39,50,55.86,63,7,20.80%,35.00%,52.20%,8
AVYA,Avaya Holdings,14.99,17,19.14,22,7,13.40%,27.70%,46.80%,7
BBBY,"Bed Bath & Beyond
",12.88,3,9.75,18,13,-76.70%,-24.30%,39.80%,9
AIMT,"Aimmune Therapeutics
",34.31,15,34.25,50,10,-56.30%,-0.20%,45.70%,4
BLMN,Bloomin' Brands,16.72,12,14.88,20,9,-28.20%,-11.00%,19.60%,7
SWN,"Southwestern Energy
",2.47,2,3.14,4.5,12,-19.00%,27.10%,82.20%,5
JELD,JELD-WEN,22.6,14.5,21.55,27,12,-35.80%,-4.60%,19.50%,6
BILL,"Bill.com Holdings
",87.26,90,109.38,120,9,3.10%,25.30%,37.50%,4
MTSI,"MACOM Technology Solutions Holdings
",33.69,35,43.38,53,8,3.90%,28.80%,57.30%,6
SNDR,"Schneider National
",25.75,25,27.57,30,7,-2.90%,7.10%,16.50%,4
UPWK,Upwork,15.38,17,18.43,20,7,10.50%,19.80%,30.00%,10
ZGNX,Zogenix,25.11,25,46.29,68,9,-0.40%,84.30%,170.80%,3
SWCH,Switch,15.69,19,22,24,7,21.10%,40.20%,53.00%,2
CAKE,"Cheesecake Factory
",30.93,18,24.92,30,14,-41.80%,-19.40%,-3.00%,3
SC,"Santander Consumer USA
",17.74,14.5,19.93,22,7,-18.30%,12.30%,24.00%,1
HRTX,"Heron Therapeutics
",15.69,19,33.86,70,8,21.10%,115.80%,346.10%,5
CNK,"Cinemark Holdings
",12.64,12,16.82,23,11,-5.10%,33.10%,82.00%,6
TEX,Terex,20.66,15,21.44,30,9,-27.40%,3.80%,45.20%,5
CHX,ChampionX,9.83,12,13.95,17,8,22.10%,41.90%,72.90%,2
CSII,"Cardiovascular Systems
",35.3,40,44,47,7,13.30%,24.60%,33.10%,9
INFN,Infinera,6.41,5,8.85,15,10,-22.00%,38.10%,134.00%,9
AXNX,"Axonics Modulation Technologies
",41.17,45,52.43,59,7,9.30%,27.40%,43.30%,3
PDCE,PDC Energy,12.77,18,21.1,25,10,41.00%,65.20%,95.80%,5
MBUU,Malibu Boats,49.91,55,66,77,7,10.20%,32.20%,54.30%,10
NMIH,NMI Holdings,19.14,18,21.5,25,8,-6.00%,12.30%,30.60%,8
MCRB,"Seres Therapeutics
",27.65,24,33.36,41,8,-13.20%,20.70%,48.30%,9
RRR,"Red Rock Resorts
",18.32,14,18.29,21,7,-23.60%,-0.20%,14.60%,10
CYTK,Cytokinetics,22.89,35,41.57,59,7,52.90%,81.60%,157.80%,8
HCAT,Health Catalyst,36.11,34,38.5,43,7,-5.80%,6.60%,19.10%,6
CLR,"Continental Resources
",13.86,12,16.31,20,16,-13.40%,17.70%,44.30%,4
ADT,Adt,9.41,11,14.38,17,8,16.90%,52.80%,80.70%,8
SEAS,SeaWorld,21.52,13,19.88,29,8,-39.60%,-7.60%,34.80%,1
ICPT,"Intercept Pharma
",44.37,46,67.76,140,23,3.70%,52.70%,215.50%,1
PRO,PROS Holdings,32.4,30,47.14,80,7,-7.40%,45.50%,146.90%,6
MDGL,"Madrigal Pharmaceuticals
",108,114,178.89,230,9,5.60%,65.60%,113.00%,7
CWH,"Camping World Holdings
",30.79,30,38.29,49,8,-2.60%,24.40%,59.10%,10
ANF,"Abercrombie Fitch
",15.62,9,13.22,20,9,-42.40%,-15.40%,28.00%,1
COTY,Coty,3.28,3.5,4.71,7,7,6.70%,43.60%,113.40%,1
WHD,Cactus,20.92,19,23.63,28,8,-9.20%,13.00%,33.80%,4
SONO,Sonos,14.34,13.86,16.91,20,7,-3.30%,17.90%,39.50%,5
BOOT,Boot Barn,29.89,17,25.67,31,9,-43.10%,-14.10%,3.70%,4
WW,"WW International
",20.49,32,34.17,36,7,56.20%,66.80%,75.70%,5
ATRA,"Atara Biotherapeutics
",15.85,14,35.2,78,7,-11.70%,122.10%,392.10%,10
RTRX,Retrophin,19.77,21,29.71,38,7,6.20%,50.30%,92.20%,9
MTDR,"Matador Resources
",9.27,10,12.23,14,12,7.90%,31.90%,51.00%,7
DK,"Delek US Holdings
",12.33,13,19.85,35,13,5.40%,61.00%,183.90%,2
HTLD,"Heartland Express
",19.94,17,21.88,26,9,-14.70%,9.70%,30.40%,2
RCKT,"Rocket Pharmaceuticals
",24.89,33,36.33,43,8,32.60%,46.00%,72.80%,6
KPTI,"Karyopharm Therapeutics
",16.1,20,31.67,41,9,24.20%,96.70%,154.70%,4
EVH,Evolent Health,12.75,8,14.69,20,9,-37.30%,15.20%,56.90%,7
FOCS,"Focus Financial Partners
",30.97,36,42.29,50,7,16.20%,36.60%,61.40%,7
PBF,PBF Energy,7.37,6,11.71,19,8,-18.60%,58.90%,157.80%,2
BJRI,"BJ's Restaurants
",36.59,18,26.58,39,13,-50.80%,-27.40%,6.60%,6
SPWR,SunPower,10.92,3.27,8.43,13,8,-70.10%,-22.80%,19.00%,7
SWI,SolarWinds,19.57,15,20.5,25,8,-23.40%,4.80%,27.70%,7
TPIC,TPI Composites,27.65,26,32.89,37,9,-6.00%,19.00%,33.80%,10
PING,"Ping Identity Holding
",31.16,33,35,37,12,5.90%,12.30%,18.70%,9
BRBR,BellRing Brands,19.34,20,22.43,25,8,3.40%,16.00%,29.30%,5
AR,"Antero Resources
",2.97,2.5,3.67,5.8,11,-15.80%,23.60%,95.30%,2
IMAX,IMAX,13.95,12,16.21,21,7,-14.00%,16.20%,50.50%,8
IMVT,Immunovant,39.82,26,42.75,52,8,-34.70%,7.40%,30.60%,10
ARCB,ArcBest,32.67,25,35.38,43,9,-23.50%,8.30%,31.60%,7
TRHC,"Tabula Rasa HealthCare
",41.85,46,62.22,83,9,9.90%,48.70%,98.30%,9
HOME,At Home Group,15.78,16.5,19.5,22,7,4.60%,23.60%,39.40%,10
TBIO,Translate Bio,14.38,25,31.83,40,7,73.90%,121.30%,178.20%,8
NOVA,"Sunnova Energy International
",26.32,21,28.33,43,9,-20.20%,7.60%,63.40%,7
PTEN,Patterson-UTI,3.5,2,3.98,6,10,-42.90%,13.70%,71.40%,6
NXGN,"NextGen Healthcare
",13.42,12,14.57,23,8,-10.60%,8.60%,71.40%,4
ECHO,"Echo Global Logistics
",27.03,21,27.67,35,9,-22.30%,2.40%,29.50%,6
GRPN,Groupon,27.27,19,28.14,36,7,-30.30%,3.20%,32.00%,5
ONEM,"1Life Healthcare
",29.42,28,35.71,43,7,-4.80%,21.40%,46.20%,5
CNST,"Constellation Pharmaceuticals
",23.99,20,42.29,75,8,-16.60%,76.30%,212.60%,7
AERI,Aerie Pharma,11.7,20,27.5,35,9,70.90%,135.00%,199.10%,2
GTES,"Gates Industrial
",12.03,12,13.44,16,8,-0.20%,11.70%,33.00%,7
WETF,"WisdomTree Investments
",3.4,3,3.96,4.8,7,-11.80%,16.50%,41.20%,4
VKTX,"Viking Therapeutics
",6.53,12,15.43,21,9,83.80%,136.30%,221.60%,7
BTAI,"Bioxcel Therapeutics
",48.5,63,113.57,175,7,29.90%,134.20%,260.80%,7
PLCE,"Children's Place
",31.86,14,20.88,35,8,-56.10%,-34.50%,9.90%,5
PRPL,"Purple Innovation
",22.89,25,27,31,7,9.20%,18.00%,35.40%,9
CBAY,"CymaBay Therapeutics
",6.64,9,13.43,20,8,35.50%,102.30%,201.20%,8
PUMP,"Propetro Holding
",5.14,6.5,7.25,9,8,26.50%,41.10%,75.10%,5
ELF,e.l.f. Beauty,17.69,20,23.63,25,9,13.10%,33.60%,41.30%,8
AKBA,"Akebia Therapeutics
",2.67,3,6.86,10,8,12.40%,156.90%,274.50%,4
TCRR,"TCR2 Therapeutics
",19.27,25,33.38,40,8,29.70%,73.20%,107.60%,8
ALBO,Albireo Pharma,39.82,62,69.86,81,8,55.70%,75.40%,103.40%,9
FLXN,"Flexion Therapeutics
",12.5,15,22,35,9,20.00%,76.00%,180.00%,7
AMAG,"Amag Pharmaceuticals
",9.75,8,10.25,14,7,-17.90%,5.10%,43.60%,7
PBYI,"Puma Biotechnology
",10.03,9,11.83,15,7,-10.30%,17.90%,49.60%,3
LOVE,"The Lovesac Company
",26.73,32,37.14,43,7,19.70%,38.90%,60.90%,9
SLCA,"US Silica Holdings
",3.56,2.5,3.56,4.5,7,-29.80%,0.00%,26.40%,3
NBR,"Nabors Industries
",29.3,15,31.93,45,8,-48.80%,9.00%,53.60%,1
VYGR,"Voyager Therapeutics
",10.9,14,19.14,26,8,28.40%,75.60%,138.50%,5
HT,"Hersha Hospitality
",6.39,4,5.83,8,7,-37.40%,-8.80%,25.20%,3
SM,SM Energy,2.11,3,3.5,4.5,8,42.20%,65.90%,113.30%,3
AAOI,"Applied Optoelectronics
",10.44,10,16.43,22,7,-4.20%,57.40%,110.70%,6
NPTN,NeoPhotonics,6.28,6.5,9.9,13,7,3.50%,57.60%,107.00%,3
MNK,Mallinckrodt,1.13,1,1.63,2.5,9,-11.50%,44.20%,121.20%,2
NXTC,NextCure,9.17,11,18.83,30,8,20.00%,105.30%,227.20%,5
MRNS,Marinus,3.18,5,7.14,9,8,57.20%,124.50%,183.00%,8
DNB,"Dun & Bradstreet Holdings
",25.51,24,28.92,31,13,-5.90%,13.40%,21.50%,7
NXPI,"NXP Semiconductors
",128.5,110,133.82,175,18,-14.40%,4.10%,36.20%,10
PG,"Procter & Gamble
",137.7,125,141.08,153,12,-9.20%,2.50%,11.10%,5
ADBE,Adobe,476,500,559.24,600,17,5.00%,17.50%,26.10%,9
PYPL,Paypal Holdings,180.9,195,219.87,285,32,7.80%,21.50%,57.50%,10
CRM,Salesforce,250.6,160,264.11,300,30,-36.20%,5.40%,19.70%,10
INTC,Intel,50.37,45,57.32,82,32,-10.70%,13.80%,62.80%,4
NFLX,Netflix,483.8,220,522.68,625,35,-54.50%,8.00%,29.20%,5
BAC,Bank of America,25.6,23,26.29,31,12,-10.20%,2.70%,21.10%,7
WMT,Walmart,136.2,130,147.92,160,27,-4.60%,8.60%,17.50%,9
ABT,Abbott Labs,105.7,94,117.55,136,14,-11.10%,11.20%,28.70%,9
MCD,McDonald's,224.8,195,218.67,245,21,-13.30%,-2.70%,9.00%,6
ABBV,AbbVie,89.78,105,111.43,127,9,17.00%,24.10%,41.50%,10
AMGN,Amgen,247.7,215,266.14,300,16,-13.20%,7.40%,21.10%,8
NKE,Nike,118.5,95,119.87,150,27,-19.80%,1.20%,26.60%,9
AVGO,Broadcom,367,360,405.48,450,25,-1.90%,10.50%,22.60%,8
NEE,NextEra Energy,280.3,246,287.33,330,10,-12.20%,2.50%,17.70%,10
LIN,Linde,248.8,217.91,274.77,320,14,-12.40%,10.40%,28.60%,6
TXN,"Texas Instruments
",139.6,108,141.52,165,22,-22.60%,1.40%,18.20%,4
LLY,Eli Lilly & Co,150.9,164,176.38,190,9,8.70%,16.90%,25.90%,8
HON,"Honeywell International
",170,144,164.83,190,14,-15.30%,-3.00%,11.80%,7
C,Citigroup,46.02,56,66,87,17,21.70%,43.40%,89.00%,4
LMT,Lockheed Martin,395.5,400,435,509,8,1.10%,10.00%,28.70%,9
MDLZ,"Mondelez International
",57.97,58,62.67,68,13,0.10%,8.10%,17.30%,9
MO,Altria Group,41.76,37,48.44,68,10,-11.40%,16.00%,62.80%,9
ZTS,Zoetis,161.2,150,168.22,185,11,-6.90%,4.40%,14.80%,3
TGT,Target,147.9,127,164.68,180,20,-14.10%,11.30%,21.70%,7
D,Dominion Energy,81.6,68,80.33,92,14,-16.70%,-1.60%,12.70%,7
GS,"Goldman Sachs Group
",200.6,192,240.79,285,16,-4.30%,20.00%,42.10%,5
EQIX,Equinix,767.3,700,831.25,893,17,-8.80%,8.30%,16.40%,6
BDX,"Becton Dickinson
",227,270,283.67,300,8,18.90%,25.00%,32.20%,7
ITW,"Illinois Tool Works
",199.5,162,186.42,205,12,-18.80%,-6.60%,2.80%,5
DE,Deere,215.4,160,218.69,247,16,-25.70%,1.50%,14.70%,10
ATVI,"Activision Blizzard
",79.99,65,94.13,106,24,-18.70%,17.70%,32.50%,8
SHW,"Sherwin-Williams Company
",715.1,585,688,805,16,-18.20%,-3.80%,12.60%,9
CME,CME Group,170.2,138,176.08,210,13,-18.90%,3.50%,23.40%,4
NSC,"Norfolk Southern
",220.9,132,203.13,235,16,-40.20%,-8.00%,6.40%,9
MU,Micron,50.21,35,62.43,100,24,-30.30%,24.30%,99.20%,6
ICE,"Intercontinental Exchange
",100.9,101,111.09,121,13,0.10%,10.10%,19.90%,8
ILMN,Illumina,322.4,310,363.89,400,10,-3.80%,12.90%,24.10%,5
UBER,"Uber Technologies
",37.66,34,42.09,50,27,-9.70%,11.80%,32.80%,4
AMAT,"Applied Materials
",56.47,67,76.22,85,19,18.60%,35.00%,50.50%,10
USB,US Bancorp,38.16,36,42,54,8,-5.70%,10.10%,41.50%,5
EW,"Edwards Lifesciences
",83.87,68,87.69,95,14,-18.90%,4.60%,13.30%,6
KMB,Kimberly Clark,147.7,139,159.11,181,9,-5.90%,7.70%,22.50%,8
WM,"Waste Management
",116.8,106,117.55,128,11,-9.20%,0.60%,9.60%,7
EL,"The Est√©e Lauder Companies
",217.2,180,225.38,244,13,-17.10%,3.80%,12.30%,3
MCO,Moody's,286.8,275,313.13,358,9,-4.10%,9.20%,24.80%,10
BIIB,Biogen,276.3,228,314.43,392,28,-17.50%,13.80%,41.90%,6
DD,"DuPont de Nemours
",60.17,55,65.63,75,8,-8.60%,9.10%,24.60%,7
EMR,"Emerson Electric Company
",68.68,59,69.89,83,11,-14.10%,1.80%,20.90%,10
GM,General Motors,31.79,20,36.79,60,15,-37.10%,15.70%,88.70%,9
DOW,Dow,49.7,33,44.77,57,15,-33.60%,-9.90%,14.70%,9
HCA,HCA Healthcare,138,100,145.47,168,15,-27.50%,5.40%,21.70%,8
COP,Conocophillips,35.08,45,51,62,13,28.30%,45.40%,76.70%,5
EBAY,Ebay,50.42,52,62.32,82,27,3.10%,23.60%,62.60%,8
PSA,Public Storage,224.5,175,195.83,220,8,-22.00%,-12.80%,-2.00%,8
COF,"Capital One Financial
",76.17,66,79.2,105,11,-13.40%,4.00%,37.80%,7
ROST,Ross Stores,96.02,88,101.27,112,15,-8.40%,5.50%,16.60%,3
JCI,"Johnson Controls
",42.9,38,44.82,60,12,-11.40%,4.50%,39.90%,8
STZ,"Constellation Brands
",193.2,151,202.38,243,16,-21.80%,4.80%,25.80%,3
SPOT,"Spotify Technology SA
",234.8,172,270.76,357,25,-26.70%,15.30%,52.00%,9
INFO,IHS Markit,79.61,30,79.62,90,14,-62.30%,0.00%,13.10%,5
SNPS,Synopsys,206.8,215,225.44,230,11,4.00%,9.00%,11.20%,9
A,Agilent,99.92,100,103.14,110,8,0.10%,3.20%,10.10%,7
MNST,"Monster Beverage
",81.87,57,85.09,93,11,-30.40%,3.90%,13.60%,7
TWLO,Twilio,228.7,225,294.5,335,21,-1.60%,28.80%,46.50%,10
VRSK,"Verisk Analytics
",186.7,163,193.8,215,10,-12.70%,3.80%,15.20%,8
SPLK,Splunk,182.5,195,239.79,300,29,6.80%,31.40%,64.40%,5
ZBH,"Zimmer Biomet Holdings
",145.9,99,149.67,174,19,-32.10%,2.60%,19.30%,6
TT,"Trane Technologies
",122,97,114,125,10,-20.50%,-6.60%,2.50%,7
BK,BNY Mellon,35.57,40,43.78,51,10,12.50%,23.10%,43.40%,2
KLAC,Kla-Tencor,180.8,180,214.46,250,14,-0.40%,18.60%,38.30%,7
WLTW,Willis Group,206.9,210,237.14,262,8,1.50%,14.60%,26.60%,9
PEG,"Public Service Enterprise
",53,57,62.71,68,7,7.50%,18.30%,28.30%,5
ADM,"Archer Daniels Midland
",47.66,39,48.57,52,7,-18.20%,1.90%,9.10%,9
TDG,Transdigm Group,518.8,375,500.58,772,12,-27.70%,-3.50%,48.80%,8
PSX,Phillips 66,60.51,73,81.92,100,14,20.60%,35.40%,65.30%,7
FAST,"Fastenal Company
",44.26,34,46.13,51,9,-23.20%,4.20%,15.20%,3
AIG,"American International Group
",29.77,32,37.17,40,8,7.50%,24.90%,34.40%,5
ALGN,Align Tech,329.8,280,326.22,350,9,-15.10%,-1.10%,6.10%,8
PAYX,Paychex,79.75,64,73.57,78,7,-19.70%,-7.70%,-2.20%,2
MCK,McKesson,152.7,166,186,204,9,8.70%,21.80%,33.60%,7
FCX,"Freeport-McMoRan
",16.78,11.5,15.82,23,11,-31.50%,-5.70%,37.10%,6
MCHP,Microchip,103.5,110,122.75,130,12,6.30%,18.60%,25.60%,7
DHI,DR Horton,74.37,65,74.31,85,15,-12.60%,-0.10%,14.30%,10
MTCH,Match Group,108.3,86,119,150,14,-20.60%,9.90%,38.50%,7
ALXN,"Alexion Pharmaceuticals
",116.5,114,147.89,175,11,-2.10%,26.90%,50.20%,9
DTE,DTE Energy,119,115,122.67,131,7,-3.40%,3.10%,10.10%,6
FTV,Fortive,76.9,74,83.33,90,10,-3.80%,8.40%,17.00%,7
O,Realty Income,65.41,59,66.63,72,8,-9.80%,1.90%,10.10%,9
CERN,Cerner,72.42,62,78.29,88,7,-14.40%,8.10%,21.50%,6
AVB,AvalonBay,153,140,171.3,205,12,-8.50%,12.00%,34.00%,9
LEN,Lennar,78.89,65,84.09,99,13,-17.60%,6.60%,25.50%,9
YUMC,"Yum China Holdings
",51.97,60.15,62.87,68,8,15.70%,21.00%,30.80%,10
SGEN,"Seattle Genetics
",176.6,145,182,213,15,-17.90%,3.10%,20.60%,8
MPC,"Marathon Petroleum
",32.36,35,46,66,13,8.20%,42.20%,104.00%,3
SPG,Simon Property,74.12,62,78.29,98,7,-16.40%,5.60%,32.20%,4
RSG,"Republic Services
",96.39,90,100.5,114,8,-6.60%,4.30%,18.30%,3
RNG,RingCentral,256.4,280,339.05,375,20,9.20%,32.20%,46.30%,6
AJG,"Arthur J Gallagher & Co
",103,101,115.6,130,10,-1.90%,12.20%,26.20%,3
FLT,"Fleetcor Technologies
",234.4,250,282.46,310,15,6.70%,20.50%,32.30%,3
ODFL,"Old Dominion Freight
",190,156,186,220,9,-17.90%,-2.10%,15.80%,9
KKR,KKR & Co,36.14,36,40.35,47.5,13,-0.40%,11.60%,31.40%,8
LH,Laboratory,185.3,217,232.67,249,8,17.10%,25.60%,34.40%,9
TTWO,Take-Two,157,137,187.28,210,19,-12.70%,19.30%,33.80%,6
DFS,"Discover Financial Services
",59.22,52.5,62.82,82,13,-11.30%,6.10%,38.50%,2
KSU,"Kansas City Southern
",186.6,136,176.53,220,15,-27.10%,-5.40%,17.90%,8
KEYS,"Keysight Technologies
",97.97,112,126.4,135,11,14.30%,29.00%,37.80%,8
W,Wayfair,268.9,160,311.35,395,26,-40.50%,15.80%,46.90%,7
TTD,Trade Desk,441.3,400,505,580,12,-9.40%,14.40%,31.40%,9
AKAM,Akamai,107,105,122.88,150,16,-1.90%,14.80%,40.20%,4
EPAM,Epam Systems,329.7,260,336.38,370,9,-21.10%,2.00%,12.20%,7
VTR,Ventas,45.33,30,39.33,47,15,-33.80%,-13.20%,3.70%,1
INCY,Incyte,89.94,87,103.73,124,14,-3.30%,15.30%,37.90%,5
COO,Cooper Co,342.3,291,336.78,365,9,-15.00%,-1.60%,6.60%,10
FTNT,Fortinet,116.9,102,136.92,170,13,-12.70%,17.10%,45.40%,8
NTRS,Northern,83.22,73,83.88,92,9,-12.30%,0.80%,10.60%,1
MAS,Masco,59.07,53.5,61.5,70,13,-9.40%,4.10%,18.50%,8
HOLX,Hologic,60.77,64,76.27,85,11,5.30%,25.50%,39.90%,8
PEAK,"Healthpeak Properties
",28.68,27,29.5,32,9,-5.90%,2.90%,11.60%,5
ESS,Essex Property,219.5,215,234.33,257,10,-2.10%,6.80%,17.10%,6
TDOC,Teladoc,193.5,175,240.83,282,23,-9.60%,24.50%,45.70%,9
QRVO,Qorvo,128.8,125,142.94,160,16,-3.00%,11.00%,24.20%,9
EXR,"Extra Space Storage
",112.2,83,102.75,119,9,-26.00%,-8.40%,6.10%,8
DRE,Duke Realty,37.98,34,41.75,45,8,-10.50%,9.90%,18.50%,5
IEX,IDEX,186.4,171,190.29,215,9,-8.30%,2.10%,15.30%,5
BMRN,"BioMarin Pharmaceutical
",75.64,77,111.13,188,24,1.80%,46.90%,148.50%,7
SSNC,"SS&C Technologies Holdings
",60.97,59,67.44,78,10,-3.20%,10.60%,27.90%,10
ETSY,Etsy,108.8,68,149.47,170,17,-37.50%,37.40%,56.30%,10
PAYC,Paycom,280.5,220,290.6,345,10,-21.60%,3.60%,23.00%,6
BXP,"Boston Properties
",89.93,92,104.6,115,10,2.30%,16.30%,27.90%,8
CHRW,CH Robinson,103.4,53,91.15,105,16,-48.70%,-11.80%,1.50%,3
MTB,M&T Bank,103.2,107,120.5,135,8,3.70%,16.80%,30.80%,1
DDOG,Datadog,89.38,80,95.18,110,13,-10.50%,6.50%,23.10%,7
SJM,JM Smucker,110.8,106,122.11,127,9,-4.30%,10.20%,14.60%,1
HAL,Halliburton,15.07,11.8,15.7,22.5,16,-21.70%,4.20%,49.30%,4
WAT,Waters,206.5,180,213.57,230,9,-12.80%,3.40%,11.40%,5
FDS,"Factset Research
",334.1,237,283.86,310,9,-29.10%,-15.00%,-7.20%,6
GDDY,GoDaddy,73.52,83,95.31,110,13,12.90%,29.60%,49.60%,4
BKI,Black Knight,86.21,80,89.33,100,9,-7.20%,3.60%,16.00%,7
HPE,"Hewlett Packard Enterprise
",9.47,8.5,10.83,14,11,-10.20%,14.40%,47.80%,5
RCL,Royal Caribbean,69.61,35,57.15,75,16,-49.70%,-17.90%,7.70%,1
PHM,PulteGroup,46.72,44,46.63,50,8,-5.80%,-0.20%,7.00%,9
ETFC,"E*Trade Financial
",53.01,50,52.14,55,7,-5.70%,-1.60%,3.80%,2
HES,Hess,44.2,48,58.86,71,15,8.60%,33.20%,60.60%,3
RF,"Regions Financial
",12.09,12,13.45,16,10,-0.70%,11.20%,32.30%,5
WDC,Western Digital,38.79,40,53.1,90,20,3.10%,36.90%,132.00%,6
HUBS,HubSpot,277.1,200,272.53,328,18,-27.80%,-1.60%,18.40%,7
EXAS,Exact Sciences,76.01,107,117,135,11,40.80%,53.90%,77.60%,7
VICI,VICI Properties,25.1,23,27.61,33,10,-8.40%,10.00%,31.50%,10
PFG,"Principal Financial
",41.61,38,45.13,52,8,-8.70%,8.50%,25.00%,8
VMW,VMware,144.8,115,168.43,200,18,-20.60%,16.30%,38.10%,9
MGM,MGM Resorts,23.01,13,19.82,27,12,-43.50%,-13.90%,17.30%,2
ELAN,"Elanco Animal Health
",27.39,26.5,28.25,31,8,-3.20%,3.10%,13.20%,5
ZEN,Zendesk,96.52,90,111,123,15,-6.80%,15.00%,27.40%,6
MASI,Masimo,224.7,250,255,260,7,11.30%,13.50%,15.70%,6
ALB,Albemarle,97.8,60,84.27,115,11,-38.70%,-13.80%,17.60%,6
AAP,"Advance Auto Parts
",154.6,156,179.56,190,13,0.90%,16.10%,22.90%,7
SRPT,"Sarepta Therapeutics
",143.9,161,193.57,230,16,11.90%,34.50%,59.80%,5
DELL,"Dell Technologies
",67.37,54,66.42,80,13,-19.80%,-1.40%,18.70%,5
CBOE,"Cboe Global Markets
",90.45,88,98.2,115,10,-2.70%,8.60%,27.10%,N/A
CCK,Crown Holdings,76.51,71,80.88,87,9,-7.20%,5.70%,13.70%,6
NBIX,Neurocrine,101.2,120,140,161,18,18.60%,38.30%,59.10%,10
FOXA,Fox,29.34,21,28.73,34,12,-28.40%,-2.10%,15.90%,5
HAS,Hasbro,78.51,69,85.57,103,7,-12.10%,9.00%,31.20%,1
WORK,"Slack Technologies
",25.3,20,32.19,45,18,-20.90%,27.20%,77.90%,4
SEDG,"SolarEdge Technologies
",201.7,77,164.4,222,12,-61.80%,-18.50%,10.10%,10
RJF,"Raymond James Financial
",74.69,63,77.83,91,7,-15.70%,4.20%,21.80%,3
ALLY,Ally Financial,25.7,23.5,28.85,34,10,-8.60%,12.30%,32.30%,5
TXT,Textron,39.61,33,43,52,7,-16.70%,8.60%,31.30%,6
HSIC,Henry Schein,64.15,59,67.2,74,7,-8.00%,4.80%,15.40%,2
BWA,BorgWarner,39.56,23,44.08,53,12,-41.90%,11.40%,34.00%,3
NUAN,"Nuance Communications
",33.2,21,31.67,36,7,-36.70%,-4.60%,8.40%,10
MDB,MongoDB,205.6,245,284.2,320,11,19.20%,38.20%,55.60%,8
CONE,CyrusOne,76.09,74,86.5,95,14,-2.70%,13.70%,24.90%,9
PENN,"Penn National Gaming
",67.84,22,56.13,80,13,-67.60%,-17.30%,17.90%,8
AGNC,AGNC Investment,14.61,15,15.38,17,8,2.70%,5.30%,16.40%,10
TREX,Trex Company,70.11,74,133.91,156,11,5.50%,91.00%,122.50%,7
OXY,"Occidental Petroleum
",11.64,8,16.08,25,13,-31.30%,38.10%,114.80%,1
WYNN,Wynn Resorts,79.66,72,93.54,120,14,-9.60%,17.40%,50.60%,1
DISH,Dish Network,33.24,25,36.86,50,8,-24.80%,10.90%,50.40%,5
PTON,"Peloton Interactive
",82.59,33,112.05,138,23,-60.00%,35.70%,67.10%,9
CDAY,"Ceridian HCM Holding
",78.01,60,83.75,100,13,-23.10%,7.40%,28.20%,7
XPO,XPO Logistics,92.58,75,93,119,10,-19.00%,0.50%,28.50%,6
AMH,American Homes,29.37,27,29.75,34,8,-8.10%,1.30%,15.80%,9
GLPI,"Gaming and Leisure
",38.51,37,41,50,9,-3.90%,6.50%,29.80%,7
JAZZ,"Jazz Pharmaceuticals
",144.1,128,171.17,205,13,-11.20%,18.80%,42.30%,7
CZR,"Caesars Entertainment
",55.94,12,49.9,67,10,-78.50%,-10.80%,19.80%,8
ZNGA,Zynga,8.3,8,11.83,13.3,14,-3.60%,42.50%,60.20%,10
FIVN,Five9,119.8,115,138.93,157,16,-4.00%,16.00%,31.10%,4
RGA,"Reinsurance Group
",103,85,98.43,112,7,-17.50%,-4.40%,8.70%,7
OC,Owens Corning,68.79,52,65.92,80,14,-24.40%,-4.20%,16.30%,3
DT,Dynatrace,39.11,40,49.22,55,9,2.30%,25.90%,40.60%,5
IONS,"Ionis Pharmaceuticals
",51.77,54,71.22,91,12,4.30%,37.60%,75.80%,4
ST,Sensata,44.11,44,49.5,54,9,-0.20%,12.20%,22.40%,10
CREE,Cree,65.4,60,69.13,79,11,-8.30%,5.70%,20.80%,4
REG,Regency Centers,41.61,38,45.22,52,10,-8.70%,8.70%,25.00%,2
PRAH,"PRA Health Sciences
",103.7,108,117.17,130,7,4.10%,13.00%,25.40%,8
CIEN,Ciena,41.43,42,54.46,64,13,1.40%,31.50%,54.50%,8
CASY,Casey's General,175.4,170,195.13,225,8,-3.10%,11.20%,28.30%,9
GRUB,GrubHub,68.93,70,74.33,79,8,1.60%,7.80%,14.60%,6
KRC,Kilroy Realty,57.18,49,67.38,76,8,-14.30%,17.80%,32.90%,3
STOR,Store Capital,29.36,20,26.43,32,8,-31.90%,-10.00%,9.00%,9
MOS,Mosaic Co,18.1,15,18.27,23,11,-17.10%,0.90%,27.10%,7
TNDM,"Tandem Diabetes Care
",108.4,87,118.71,140,14,-19.70%,9.50%,29.20%,5
RH,RH,381.5,380,415.11,450,11,-0.40%,8.80%,18.00%,10
SEE,Sealed Air,38.83,40,42.67,49,8,3.00%,9.90%,26.20%,8
VOYA,Voya Financial,48.06,53,59.63,66,8,10.30%,24.10%,37.30%,7
FRT,Federal Realty,83.58,83,88,95,8,-0.70%,5.30%,13.70%,4
FSLY,Fastly,82.52,58,92.38,110,12,-29.70%,11.90%,33.30%,7
IRTC,"Irhythm Technologies
",227.1,180,210.86,250,8,-20.70%,-7.20%,10.10%,7
MHK,"Mohawk Industries
",100.2,70,92.5,118,13,-30.10%,-7.70%,17.80%,1
PFPT,Proofpoint,103.7,130,147.56,174,12,25.40%,42.30%,67.80%,4
CMA,Comerica,41.18,36,42.56,50,12,-12.60%,3.40%,21.40%,7
CACI,"Caci International
",223.7,230,286,325,9,2.80%,27.80%,45.30%,7
AIV,"Apartment Investment & Management
",37.18,39,40.5,42,8,4.90%,8.90%,13.00%,5
BJ,"Bj's Wholesale Club Holdings
",38.78,33,48.43,55,15,-14.90%,24.90%,41.80%,4
AYX,Alteryx,108.4,110,162.1,216,10,1.50%,49.50%,99.30%,4
HBI,Hanesbrands,16.21,14,16.88,20,8,-13.60%,4.10%,23.40%,9
CLGX,Corelogic,67.61,65,70.83,80,8,-3.90%,4.80%,18.30%,8
SRCL,Stericycle,63.2,52,64.8,76,8,-17.70%,2.50%,20.30%,4
SERV,"Servicemaster Global Holdings
",40.35,41,48.17,55,7,1.60%,19.40%,36.30%,9
NLSN,"Nielsen Holdings
",15.71,17,19.29,24,7,8.20%,22.80%,52.80%,7
PII,Polaris,92.04,84,112.5,128,13,-8.70%,22.20%,39.10%,9
OSK,Oshkosh,78.32,82,88.78,96,9,4.70%,13.40%,22.60%,7
KNX,"Knight Transportation
",42.2,42,51.31,62,14,-0.50%,21.60%,46.90%,6
AAXN,Axon Enterprise,83.73,90,101,112,8,7.50%,20.60%,33.80%,7
SMAR,Smartsheet,46.44,50,60.54,68,13,7.70%,30.40%,46.40%,5
TOL,Toll Brothers,44.97,36,43.44,53,10,-19.90%,-3.40%,17.90%,7
FANG,Diamondback,32.91,44,55.24,86,20,33.70%,67.90%,161.30%,5
PCTY,Paylocity,147,133,147.71,165,9,-9.50%,0.50%,12.20%,3
AXTA,"Axalta Coating Systems
",24.69,23,26.44,30,9,-6.80%,7.10%,21.50%,3
WH,"Wyndham Hotels & Resorts
",54.62,55,57.5,61,7,0.70%,5.30%,11.70%,8
BC,Brunswick,62.05,68,77.67,88,11,9.60%,25.20%,41.80%,9
DBX,Dropbox,20.22,22,26.88,32,9,8.80%,32.90%,58.30%,7
TPR,Tapestry,18.1,15,19.33,25,13,-17.10%,6.80%,38.10%,8
COR,Coresite Realty,120.9,110,129.38,141,8,-9.00%,7.00%,16.60%,6
AGCO,Agco,76.26,58,75,91,13,-23.90%,-1.70%,19.30%,7
RDFN,Redfin,51.25,24,41.55,58,14,-53.20%,-18.90%,13.20%,7
UTHR,"United Therapeutics
",106,125,155.63,247,8,17.90%,46.80%,133.00%,6
APA,Apache,12.5,11,16.03,22,19,-12.00%,28.20%,76.00%,1
NCLH,"Norwegian Cruise Line
",17.5,12,16.85,23,11,-31.40%,-3.70%,31.40%,1
TXRH,Texas Roadhouse,64.41,52,60.82,71,17,-19.30%,-5.60%,10.20%,5
NOV,"National-Oilwell
",11.93,11,13.58,16,10,-7.80%,13.80%,34.10%,3
IVZ,Invesco,10.89,4.5,9.7,11,11,-58.70%,-10.90%,1.00%,6
ENV,Envestnet,78.61,70,92.5,102,7,-11.00%,17.70%,29.80%,9
NTNX,Nutanix,23.82,18,27.63,35,11,-24.40%,16.00%,46.90%,1
ESNT,Essent Group,37.55,36,46.43,61,7,-4.10%,23.60%,62.50%,5
NYCB,NY Community,8.92,10,11.81,14,8,12.10%,32.40%,57.00%,8
SKX,Skechers USA,32.84,32,37.83,41,7,-2.60%,15.20%,24.80%,8
GMED,Globus Medical,53.53,55,60.27,65,11,2.70%,12.60%,21.40%,5
AYI,Acuity Brands,106.8,50,102.83,135,7,-53.20%,-3.70%,26.40%,9
ASH,Ashland,73.47,75,87.44,106,9,2.10%,19.00%,44.30%,5
ETRN,"Equitrans Midstream
",9.49,10,12.67,15,7,5.40%,33.50%,58.10%,10
AAN,Aaron's,57.25,68,75.43,90,7,18.80%,31.80%,57.20%,9
BLDR,"Builders Firstsource
",33.17,27,33.38,37,8,-18.60%,0.60%,11.50%,10
BPMC,"Blueprint Medicines
",75.98,77,98.91,110,12,1.30%,30.20%,44.80%,4
QTS,QTS Realty,64.63,68,75.5,80,11,5.20%,16.80%,23.80%,7
DOC,"Physicians Realty
",18.51,18,20,22,10,-2.80%,8.00%,18.90%,10
NET,Cloudflare,35.9,42,48.25,55,12,17.00%,34.40%,53.20%,6
ARNA,Arena Pharma,69.9,70,83.18,115,11,0.10%,19.00%,64.50%,10
IIVI,II-VI,38.6,43,55.88,67,14,11.40%,44.80%,73.60%,4
SMTC,Semtech,56.88,54,66.67,72,10,-5.10%,17.20%,26.60%,6
SRC,"Spirit Realty Capital
",36.86,34,40.86,47,8,-7.80%,10.90%,27.50%,7
BRX,"Brixmor Property
",13.26,11,13.43,18,7,-17.00%,1.30%,35.70%,6
NEO,NeoGenomics,35.47,34,41.5,46,8,-4.10%,17.00%,29.70%,6
CC,"Chemours Company
",21.21,18,19.86,22,7,-15.10%,-6.40%,3.70%,2
TRGP,Targa Resources,16.15,18,23.88,39,11,11.50%,47.90%,141.50%,2
DVN,Devon Energy,9.76,13,15.82,21,18,33.20%,62.10%,115.20%,5
PSTG,Pure Storage,15.26,15,19.56,23,11,-1.70%,28.20%,50.70%,5
BLUE,Bluebird Bio,54.65,68,102.55,140,13,24.40%,87.60%,156.20%,2
HXL,Hexcel,40.33,22,41.45,55,11,-45.50%,2.80%,36.40%,3
GBT,"Global Blood Therapeutics
",54.76,60,113.08,152,14,9.60%,106.50%,177.60%,6
JCOM,J2 Global,73.22,81,91.5,120,7,10.60%,25.00%,63.90%,3
HFC,Hollyfrontier,22.52,22,31.75,38,14,-2.30%,41.00%,68.70%,4
KBH,KB Home,38.95,29,38.5,44,10,-25.50%,-1.20%,13.00%,10
SAIL,"SailPoint Technologies Holdings
",38.13,23,39.27,55,13,-39.70%,3.00%,44.20%,10
IART,"Integra Lifesciences
",47,53,58,68,7,12.80%,23.40%,44.70%,2
QLYS,Qualys,94.87,100,114.13,140,8,5.40%,20.30%,47.60%,4
SBRA,"Sabra Healthcare REIT
",15.82,14,15.38,19,8,-11.50%,-2.80%,20.10%,3
LPSN,Liveperson,47.5,55,63.6,75,11,15.80%,33.90%,57.90%,7
CG,Carlyle Group,25.8,17,29.33,40,9,-34.10%,13.70%,55.00%,2
BHF,"Brighthouse Financial
",29.33,27,31.5,37,7,-7.90%,7.40%,26.20%,2
PRNB,"Principia Biopharma
",99.99,100,107.57,130,7,0.00%,7.60%,30.00%,1
BHVN,"Biohaven Pharmaceutical Holding Co
",62.86,57,85.67,109,7,-9.30%,36.30%,73.40%,10
HAIN,Hain Celestial,34.4,30,35.29,40,7,-12.80%,2.60%,16.30%,10
VIAV,Viavi Solutions,12.08,14,16.56,18,8,15.90%,37.10%,49.00%,5
GO,"Grocery Outlet Holding
",39.56,34,48.7,58,10,-14.10%,23.10%,46.60%,8
WSC,"WillScot Mobile Mini Holdings
",17.4,20,21.57,25,7,14.90%,24.00%,43.70%,3
SR,Spire,53.23,63,69.33,74,9,18.40%,30.20%,39.00%,3
BMCH,"BMC Stock Holdings
",43.06,33,39.33,49,8,-23.40%,-8.70%,13.80%,5
OZK,Bank OZK,22.2,26,27.57,30,8,17.10%,24.20%,35.10%,4
MTZ,MasTec,44.24,48,56.29,78,7,8.50%,27.20%,76.30%,6
MIME,Mimecast,47.47,48,57.86,77,14,1.10%,21.90%,62.20%,6
XEC,Cimarex Energy,26.39,33,39,45,16,25.00%,47.80%,70.50%,5
ENR,"Energizer Holdings
",40.42,39,50.25,57,8,-3.50%,24.30%,41.00%,8
TWOU,2U,35.05,42,49.75,55,11,19.80%,41.90%,56.90%,9
BOX,Box,18.05,24,25.4,30,7,33.00%,40.70%,66.20%,3
AEO,American Eagle,15.39,14,16.17,20,11,-9.00%,5.10%,30.00%,9
GTLS,"Chart Industries
",70.51,50,75.1,86,10,-29.10%,6.50%,22.00%,10
SHAK,Shake Shack,71.32,46,56.4,78,10,-35.50%,-20.90%,9.40%,1
TREE,Lendingtree,318.7,280,356.29,400,7,-12.10%,11.80%,25.50%,7
SAFM,Sanderson Farms,125.4,120,141.6,159,8,-4.30%,12.90%,26.80%,7
M,Macy's,6.98,4,5.33,7,7,-42.70%,-23.60%,0.30%,1
WLK,"Westlake Chemical
",66.64,30,58.89,85,9,-55.00%,-11.60%,27.60%,5
STAY,"Extended Stay America
",12.58,12,14.38,17,8,-4.60%,14.30%,35.10%,9
VG,Vonage Holdings,10.14,12,13.88,16,9,18.30%,36.90%,57.80%,10
OVV,Ovintiv,10.15,9.5,11.83,17,13,-6.40%,16.60%,67.50%,5
PPD,PPD,32.25,35,37.1,40,10,8.50%,15.00%,24.00%,6
KTOS,Kratos Defense,21.61,22,24,26,7,1.80%,11.10%,20.30%,8
CLDR,Cloudera,11.18,9,14.5,19,11,-19.50%,29.70%,69.90%,6
PCRX,"Pacira Pharmaceuticals
",60.31,54,65.08,85,12,-10.50%,7.90%,40.90%,3
DAN,Dana Holding,13.74,13,15.86,18,9,-5.40%,15.40%,31.00%,7
H,Hyatt Hotels,61.12,28,49.6,83,10,-54.20%,-18.80%,35.80%,4
SPR,"Spirit AeroSystems
",21.02,12,21.7,26,11,-42.90%,3.20%,23.70%,1
WCC,"Wesco International
",44.62,35,52,65,10,-21.60%,16.50%,45.70%,10
IBP,"Installed Building Products
",98.83,63,92,115,11,-36.30%,-6.90%,16.40%,8
OMF,"OneMain Holdings
",32.41,29,38,43,11,-10.50%,17.20%,32.70%,10
SUM,"Summit Materials
",17.08,19,22.56,25,10,11.20%,32.10%,46.40%,8
PDCO,"Patterson Companies
",24.19,19,24.13,31,8,-21.50%,-0.20%,28.20%,7
SFIX,Stitch Fix,28.26,25,30.83,35,7,-11.50%,9.10%,23.80%,8
MGY,"Magnolia Oil & Gas
",6.07,7,8.06,9,9,15.30%,32.80%,48.30%,5
